﻿Designator,Footprint,Quantity,Value,LCSC Part #
"J1, J2, J3",JST_EH_B4B-EH-A_1x04_P2.50mm_Vertical,3,JCT 4pin,
"J4, J7",JST_EH_B4B-EH-A_1x04_P2.50mm_Vertical,2,Reflectance Sensor 4,
J6,JST_EH_B3B-EH-A_1x03_P2.50mm_Vertical,1,Conn_01x03_Pin,
J8,JST_EH_B5B-EH-A_1x05_P2.50mm_Vertical,1,Conn_01x05_Pin,
"R1, R10, R15, R4, R7",R_Axial_DIN0207_L6.3mm_D2.5mm_P7.62mm_Horizontal,5,47k,
"R11, R14, R2, R5, R8",R_Axial_DIN0207_L6.3mm_D2.5mm_P7.62mm_Horizontal,5,330R,
"R12, R16, R3, R6, R9",R_Axial_DIN0207_L6.3mm_D2.5mm_P7.62mm_Horizontal,5,1k,
RV1,Potentiometer_Bourns_3296W_Vertical,1,100k,
"U1, U2, U3, U4, U5",DIP-8_W7.62mm_Socket_LongPads,5,LM311,
